strain,cond,rep,mic1,ab1,mic2,ab2,d1,d2,effect
PA947,intra,bio1,32,PMB,64,RIF,0.01,0,3.21
PA947,intra,bio1,32,PMB,64,RIF,0.1,0,3.14
PA947,intra,bio1,32,PMB,64,RIF,0.3,0,3.23
PA947,intra,bio1,32,PMB,64,RIF,1,0,0.40
PA947,intra,bio1,32,PMB,64,RIF,3,0,0.18
PA947,intra,bio1,32,PMB,64,RIF,10,0,-0.14
PA947,intra,bio1,32,PMB,64,RIF,30,0,-0.35
PA947,intra,bio1,32,PMB,64,RIF,100,0,-0.85
PA947,intra,bio1,32,PMB,64,RIF,0,0.01,3.28
PA947,intra,bio1,32,PMB,64,RIF,0,0.1,3.36
PA947,intra,bio1,32,PMB,64,RIF,0,0.3,2.09
PA947,intra,bio1,32,PMB,64,RIF,0,1,0.30
PA947,intra,bio1,32,PMB,64,RIF,0,3,-0.47
PA947,intra,bio1,32,PMB,64,RIF,0,10,-0.79
PA947,intra,bio1,32,PMB,64,RIF,0,30,-1.35
PA947,intra,bio1,32,PMB,64,RIF,0,100,-2.01
PA947,intra,bio1,32,PMB,64,RIF,0.01,0.01,3.04
PA947,intra,bio1,32,PMB,64,RIF,0.1,0.01,3.07
PA947,intra,bio1,32,PMB,64,RIF,1,0.01,-0.01
PA947,intra,bio1,32,PMB,64,RIF,10,0.01,-0.59
PA947,intra,bio1,32,PMB,64,RIF,30,0.01,-0.56
PA947,intra,bio1,32,PMB,64,RIF,0.01,0.10,3.42
PA947,intra,bio1,32,PMB,64,RIF,0.1,0.10,3.28
PA947,intra,bio1,32,PMB,64,RIF,1,0.10,-0.58
PA947,intra,bio1,32,PMB,64,RIF,10,0.10,-0.86
PA947,intra,bio1,32,PMB,64,RIF,30,0.10,-0.97
PA947,intra,bio1,32,PMB,64,RIF,0.01,1.00,-0.12
PA947,intra,bio1,32,PMB,64,RIF,0.1,1.00,-0.84
PA947,intra,bio1,32,PMB,64,RIF,1,1.00,-1.14
PA947,intra,bio1,32,PMB,64,RIF,10,1.00,-1.79
PA947,intra,bio1,32,PMB,64,RIF,30,1.00,-1.65
PA947,intra,bio1,32,PMB,64,RIF,0.01,10.00,-1.19
PA947,intra,bio1,32,PMB,64,RIF,0.1,10.00,-1.18
PA947,intra,bio1,32,PMB,64,RIF,1,10.00,-1.64
PA947,intra,bio1,32,PMB,64,RIF,10,10.00,-2.00
PA947,intra,bio1,32,PMB,64,RIF,30,10.00,-2.48
PA947,intra,bio1,32,PMB,64,RIF,0.01,30.00,-1.55
PA947,intra,bio1,32,PMB,64,RIF,0.1,30.00,-1.78
PA947,intra,bio1,32,PMB,64,RIF,1,30.00,-2.04
PA947,intra,bio1,32,PMB,64,RIF,10,30.00,-2.19
PA947,intra,bio1,32,PMB,64,RIF,30,30.00,-3.39
PA947,intra,bio2,32,PMB,64,RIF,0.01,0,3.25
PA947,intra,bio2,32,PMB,64,RIF,0.1,0,3.18
PA947,intra,bio2,32,PMB,64,RIF,0.3,0,3.21
PA947,intra,bio2,32,PMB,64,RIF,1,0,0.46
PA947,intra,bio2,32,PMB,64,RIF,3,0,0.22
PA947,intra,bio2,32,PMB,64,RIF,10,0,-0.13
PA947,intra,bio2,32,PMB,64,RIF,30,0,-0.34
PA947,intra,bio2,32,PMB,64,RIF,100,0,-0.89
PA947,intra,bio2,32,PMB,64,RIF,0,0.01,3.30
PA947,intra,bio2,32,PMB,64,RIF,0,0.1,3.35
PA947,intra,bio2,32,PMB,64,RIF,0,0.3,2.10
PA947,intra,bio2,32,PMB,64,RIF,0,1,0.32
PA947,intra,bio2,32,PMB,64,RIF,0,3,-0.38
PA947,intra,bio2,32,PMB,64,RIF,0,10,-0.72
PA947,intra,bio2,32,PMB,64,RIF,0,30,-1.26
PA947,intra,bio2,32,PMB,64,RIF,0,100,-2.00
PA947,intra,bio2,32,PMB,64,RIF,0.01,0.01,3.12
PA947,intra,bio2,32,PMB,64,RIF,0.1,0.01,3.07
PA947,intra,bio2,32,PMB,64,RIF,1,0.01,0.04
PA947,intra,bio2,32,PMB,64,RIF,10,0.01,-0.57
PA947,intra,bio2,32,PMB,64,RIF,30,0.01,-0.44
PA947,intra,bio2,32,PMB,64,RIF,0.01,0.10,3.46
PA947,intra,bio2,32,PMB,64,RIF,0.1,0.10,3.27
PA947,intra,bio2,32,PMB,64,RIF,1,0.10,-0.54
PA947,intra,bio2,32,PMB,64,RIF,10,0.10,-0.69
PA947,intra,bio2,32,PMB,64,RIF,30,0.10,-0.94
PA947,intra,bio2,32,PMB,64,RIF,0.01,1.00,-0.19
PA947,intra,bio2,32,PMB,64,RIF,0.1,1.00,-0.75
PA947,intra,bio2,32,PMB,64,RIF,1,1.00,-1.09
PA947,intra,bio2,32,PMB,64,RIF,10,1.00,-1.55
PA947,intra,bio2,32,PMB,64,RIF,30,1.00,-1.32
PA947,intra,bio2,32,PMB,64,RIF,0.01,10.00,-1.07
PA947,intra,bio2,32,PMB,64,RIF,0.1,10.00,-1.14
PA947,intra,bio2,32,PMB,64,RIF,1,10.00,-1.46
PA947,intra,bio2,32,PMB,64,RIF,10,10.00,-1.76
PA947,intra,bio2,32,PMB,64,RIF,30,10.00,-1.83
PA947,intra,bio2,32,PMB,64,RIF,0.01,30.00,-1.54
PA947,intra,bio2,32,PMB,64,RIF,0.1,30.00,-1.74
PA947,intra,bio2,32,PMB,64,RIF,1,30.00,-1.71
PA947,intra,bio2,32,PMB,64,RIF,10,30.00,-1.88
PA947,intra,bio2,32,PMB,64,RIF,30,30.00,-2.95
PA947,intra,bio3,32,PMB,64,RIF,0.01,0,3.13
PA947,intra,bio3,32,PMB,64,RIF,0.1,0,3.15
PA947,intra,bio3,32,PMB,64,RIF,0.3,0,3.27
PA947,intra,bio3,32,PMB,64,RIF,1,0,0.52
PA947,intra,bio3,32,PMB,64,RIF,3,0,0.25
PA947,intra,bio3,32,PMB,64,RIF,10,0,-0.09
PA947,intra,bio3,32,PMB,64,RIF,30,0,-0.34
PA947,intra,bio3,32,PMB,64,RIF,100,0,-0.82
PA947,intra,bio3,32,PMB,64,RIF,0,0.01,3.33
PA947,intra,bio3,32,PMB,64,RIF,0,0.1,3.40
PA947,intra,bio3,32,PMB,64,RIF,0,0.3,2.08
PA947,intra,bio3,32,PMB,64,RIF,0,1,0.25
PA947,intra,bio3,32,PMB,64,RIF,0,3,-0.42
PA947,intra,bio3,32,PMB,64,RIF,0,10,-0.74
PA947,intra,bio3,32,PMB,64,RIF,0,30,-1.23
PA947,intra,bio3,32,PMB,64,RIF,0,100,-2.03
PA947,intra,bio3,32,PMB,64,RIF,0.01,0.01,3.11
PA947,intra,bio3,32,PMB,64,RIF,0.1,0.01,3.08
PA947,intra,bio3,32,PMB,64,RIF,1,0.01,0.05
PA947,intra,bio3,32,PMB,64,RIF,10,0.01,-0.46
PA947,intra,bio3,32,PMB,64,RIF,30,0.01,-0.48
PA947,intra,bio3,32,PMB,64,RIF,0.01,0.10,3.42
PA947,intra,bio3,32,PMB,64,RIF,0.1,0.10,3.31
PA947,intra,bio3,32,PMB,64,RIF,1,0.10,-0.57
PA947,intra,bio3,32,PMB,64,RIF,10,0.10,-0.79
PA947,intra,bio3,32,PMB,64,RIF,30,0.10,-0.93
PA947,intra,bio3,32,PMB,64,RIF,0.01,1.00,-0.14
PA947,intra,bio3,32,PMB,64,RIF,0.1,1.00,-0.81
PA947,intra,bio3,32,PMB,64,RIF,1,1.00,-1.15
PA947,intra,bio3,32,PMB,64,RIF,10,1.00,-1.45
PA947,intra,bio3,32,PMB,64,RIF,30,1.00,-1.30
PA947,intra,bio3,32,PMB,64,RIF,0.01,10.00,-1.10
PA947,intra,bio3,32,PMB,64,RIF,0.1,10.00,-1.12
PA947,intra,bio3,32,PMB,64,RIF,1,10.00,-1.49
PA947,intra,bio3,32,PMB,64,RIF,10,10.00,-1.75
PA947,intra,bio3,32,PMB,64,RIF,30,10.00,-1.85
PA947,intra,bio3,32,PMB,64,RIF,0.01,30.00,-1.47
PA947,intra,bio3,32,PMB,64,RIF,0.1,30.00,-1.78
PA947,intra,bio3,32,PMB,64,RIF,1,30.00,-1.72
PA947,intra,bio3,32,PMB,64,RIF,10,30.00,-1.90
PA947,intra,bio3,32,PMB,64,RIF,30,30.00,-2.55
PA1292,intra,bio1,32,PMB,64,RIF,0.01,0,3.18
PA1292,intra,bio1,32,PMB,64,RIF,0.1,0,3.12
PA1292,intra,bio1,32,PMB,64,RIF,0.3,0,3.11
PA1292,intra,bio1,32,PMB,64,RIF,1,0,0.26
PA1292,intra,bio1,32,PMB,64,RIF,3,0,0.28
PA1292,intra,bio1,32,PMB,64,RIF,10,0,-0.25
PA1292,intra,bio1,32,PMB,64,RIF,30,0,-0.47
PA1292,intra,bio1,32,PMB,64,RIF,100,0,-0.94
PA1292,intra,bio1,32,PMB,64,RIF,0,0.01,3.29
PA1292,intra,bio1,32,PMB,64,RIF,0,0.1,3.36
PA1292,intra,bio1,32,PMB,64,RIF,0,0.3,2.14
PA1292,intra,bio1,32,PMB,64,RIF,0,1,0.12
PA1292,intra,bio1,32,PMB,64,RIF,0,3,-0.51
PA1292,intra,bio1,32,PMB,64,RIF,0,10,-0.68
PA1292,intra,bio1,32,PMB,64,RIF,0,30,-1.38
PA1292,intra,bio1,32,PMB,64,RIF,0,100,-1.68
PA1292,intra,bio1,32,PMB,64,RIF,0.01,0.01,3.24
PA1292,intra,bio1,32,PMB,64,RIF,0.1,0.01,3.14
PA1292,intra,bio1,32,PMB,64,RIF,1,0.01,0.02
PA1292,intra,bio1,32,PMB,64,RIF,10,0.01,-0.17
PA1292,intra,bio1,32,PMB,64,RIF,30,0.01,-0.85
PA1292,intra,bio1,32,PMB,64,RIF,0.01,0.10,3.08
PA1292,intra,bio1,32,PMB,64,RIF,0.1,0.10,3.30
PA1292,intra,bio1,32,PMB,64,RIF,1,0.10,-0.60
PA1292,intra,bio1,32,PMB,64,RIF,10,0.10,-0.83
PA1292,intra,bio1,32,PMB,64,RIF,30,0.10,-0.94
PA1292,intra,bio1,32,PMB,64,RIF,0.01,1.00,0.16
PA1292,intra,bio1,32,PMB,64,RIF,0.1,1.00,-0.80
PA1292,intra,bio1,32,PMB,64,RIF,1,1.00,-1.14
PA1292,intra,bio1,32,PMB,64,RIF,10,1.00,-1.60
PA1292,intra,bio1,32,PMB,64,RIF,30,1.00,-1.55
PA1292,intra,bio1,32,PMB,64,RIF,0.01,10.00,-1.14
PA1292,intra,bio1,32,PMB,64,RIF,0.1,10.00,-1.08
PA1292,intra,bio1,32,PMB,64,RIF,1,10.00,-1.59
PA1292,intra,bio1,32,PMB,64,RIF,10,10.00,-1.76
PA1292,intra,bio1,32,PMB,64,RIF,30,10.00,-2.31
PA1292,intra,bio1,32,PMB,64,RIF,0.01,30.00,-1.42
PA1292,intra,bio1,32,PMB,64,RIF,0.1,30.00,-1.51
PA1292,intra,bio1,32,PMB,64,RIF,1,30.00,-1.67
PA1292,intra,bio1,32,PMB,64,RIF,10,30.00,-2.17
PA1292,intra,bio1,32,PMB,64,RIF,30,30.00,-3.18
PA1292,intra,bio2,32,PMB,64,RIF,0.01,0,3.20
PA1292,intra,bio2,32,PMB,64,RIF,0.1,0,3.17
PA1292,intra,bio2,32,PMB,64,RIF,0.3,0,3.17
PA1292,intra,bio2,32,PMB,64,RIF,1,0,0.21
PA1292,intra,bio2,32,PMB,64,RIF,3,0,0.33
PA1292,intra,bio2,32,PMB,64,RIF,10,0,-0.21
PA1292,intra,bio2,32,PMB,64,RIF,30,0,-0.45
PA1292,intra,bio2,32,PMB,64,RIF,100,0,-0.96
PA1292,intra,bio2,32,PMB,64,RIF,0,0.01,3.32
PA1292,intra,bio2,32,PMB,64,RIF,0,0.1,3.32
PA1292,intra,bio2,32,PMB,64,RIF,0,0.3,2.04
PA1292,intra,bio2,32,PMB,64,RIF,0,1,0.03
PA1292,intra,bio2,32,PMB,64,RIF,0,3,-0.48
PA1292,intra,bio2,32,PMB,64,RIF,0,10,-0.65
PA1292,intra,bio2,32,PMB,64,RIF,0,30,-1.39
PA1292,intra,bio2,32,PMB,64,RIF,0,100,-1.66
PA1292,intra,bio2,32,PMB,64,RIF,0.01,0.01,3.25
PA1292,intra,bio2,32,PMB,64,RIF,0.1,0.01,3.11
PA1292,intra,bio2,32,PMB,64,RIF,1,0.01,0.11
PA1292,intra,bio2,32,PMB,64,RIF,10,0.01,-0.26
PA1292,intra,bio2,32,PMB,64,RIF,30,0.01,-0.65
PA1292,intra,bio2,32,PMB,64,RIF,0.01,0.10,3.06
PA1292,intra,bio2,32,PMB,64,RIF,0.1,0.10,3.33
PA1292,intra,bio2,32,PMB,64,RIF,1,0.10,-0.49
PA1292,intra,bio2,32,PMB,64,RIF,10,0.10,-0.79
PA1292,intra,bio2,32,PMB,64,RIF,30,0.10,-0.89
PA1292,intra,bio2,32,PMB,64,RIF,0.01,1.00,0.20
PA1292,intra,bio2,32,PMB,64,RIF,0.1,1.00,-0.78
PA1292,intra,bio2,32,PMB,64,RIF,1,1.00,-1.10
PA1292,intra,bio2,32,PMB,64,RIF,10,1.00,-1.88
PA1292,intra,bio2,32,PMB,64,RIF,30,1.00,-1.57
PA1292,intra,bio2,32,PMB,64,RIF,0.01,10.00,-0.85
PA1292,intra,bio2,32,PMB,64,RIF,0.1,10.00,-1.11
PA1292,intra,bio2,32,PMB,64,RIF,1,10.00,-1.62
PA1292,intra,bio2,32,PMB,64,RIF,10,10.00,-2.10
PA1292,intra,bio2,32,PMB,64,RIF,30,10.00,-2.56
PA1292,intra,bio2,32,PMB,64,RIF,0.01,30.00,-1.36
PA1292,intra,bio2,32,PMB,64,RIF,0.1,30.00,-1.45
PA1292,intra,bio2,32,PMB,64,RIF,1,30.00,-1.62
PA1292,intra,bio2,32,PMB,64,RIF,10,30.00,-2.73
PA1292,intra,bio2,32,PMB,64,RIF,30,30.00,-3.14
PA1292,intra,bio3,32,PMB,64,RIF,0.01,0,3.23
PA1292,intra,bio3,32,PMB,64,RIF,0.1,0,3.18
PA1292,intra,bio3,32,PMB,64,RIF,0.3,0,3.19
PA1292,intra,bio3,32,PMB,64,RIF,1,0,0.05
PA1292,intra,bio3,32,PMB,64,RIF,3,0,0.35
PA1292,intra,bio3,32,PMB,64,RIF,10,0,0.00
PA1292,intra,bio3,32,PMB,64,RIF,30,0,-0.42
PA1292,intra,bio3,32,PMB,64,RIF,100,0,-0.88
PA1292,intra,bio3,32,PMB,64,RIF,0,0.01,3.36
PA1292,intra,bio3,32,PMB,64,RIF,0,0.1,3.47
PA1292,intra,bio3,32,PMB,64,RIF,0,0.3,2.13
PA1292,intra,bio3,32,PMB,64,RIF,0,1,-0.05
PA1292,intra,bio3,32,PMB,64,RIF,0,3,-0.44
PA1292,intra,bio3,32,PMB,64,RIF,0,10,-0.64
PA1292,intra,bio3,32,PMB,64,RIF,0,30,-1.29
PA1292,intra,bio3,32,PMB,64,RIF,0,100,-1.60
PA1292,intra,bio3,32,PMB,64,RIF,0.01,0.01,3.30
PA1292,intra,bio3,32,PMB,64,RIF,0.1,0.01,3.19
PA1292,intra,bio3,32,PMB,64,RIF,1,0.01,0.15
PA1292,intra,bio3,32,PMB,64,RIF,10,0.01,-0.31
PA1292,intra,bio3,32,PMB,64,RIF,30,0.01,-0.55
PA1292,intra,bio3,32,PMB,64,RIF,0.01,0.10,3.09
PA1292,intra,bio3,32,PMB,64,RIF,0.1,0.10,3.38
PA1292,intra,bio3,32,PMB,64,RIF,1,0.10,-0.48
PA1292,intra,bio3,32,PMB,64,RIF,10,0.10,-0.73
PA1292,intra,bio3,32,PMB,64,RIF,30,0.10,-0.95
PA1292,intra,bio3,32,PMB,64,RIF,0.01,1.00,0.01
PA1292,intra,bio3,32,PMB,64,RIF,0.1,1.00,-0.81
PA1292,intra,bio3,32,PMB,64,RIF,1,1.00,-1.06
PA1292,intra,bio3,32,PMB,64,RIF,10,1.00,-1.53
PA1292,intra,bio3,32,PMB,64,RIF,30,1.00,-1.50
PA1292,intra,bio3,32,PMB,64,RIF,0.01,10.00,-0.87
PA1292,intra,bio3,32,PMB,64,RIF,0.1,10.00,-0.99
PA1292,intra,bio3,32,PMB,64,RIF,1,10.00,-1.50
PA1292,intra,bio3,32,PMB,64,RIF,10,10.00,-1.86
PA1292,intra,bio3,32,PMB,64,RIF,30,10.00,-2.31
PA1292,intra,bio3,32,PMB,64,RIF,0.01,30.00,-1.39
PA1292,intra,bio3,32,PMB,64,RIF,0.1,30.00,-1.37
PA1292,intra,bio3,32,PMB,64,RIF,1,30.00,-1.61
PA1292,intra,bio3,32,PMB,64,RIF,10,30.00,-2.30
PA1292,intra,bio3,32,PMB,64,RIF,30,30.00,-3.10
